variance,skewness,curtosis,entropy,class
-0.31186669195023053,0.15103337213697932,-0.7239706319895539,-0.4703605420011441,1
-0.5566866246249582,1.4883463152536929,0.1697711096410754,-2.091630518755111,0
-0.8552364231786315,0.14643179901830758,-0.8443816968529015,-0.548281314805785,1
-1.214776880297595,-1.9130031055541914,1.893536015245548,0.2249093287908172,1
0.3927451245729815,0.45827818546211696,0.004370029534162021,0.6072446677955451,0
-0.17327443074189489,0.8805794329738188,-0.1318278542981644,0.21212184728402536,0
-1.6082243644674847,0.3018246994272799,-0.4630377581217255,-1.3994303968373873,1
-1.4326706444318802,0.33687534374013595,-0.395138080738003,-1.2697193822894801,1
-0.7620883261615337,0.1315664940364277,-0.8603689321724277,-0.5373111999638024,1
1.6270098977075012,1.117038708882364,-1.0938885351033163,-0.15985450173129032,0
1.246159451451268,-0.30701132158834504,-0.10735171953303971,1.1253438881468292,0
1.0591634219774246,0.1945687014567541,-0.2603246822698027,0.49096050882976944,0
0.5666892230973966,-0.18524411738522006,0.7358666726699457,1.1496853017661643,0
-0.9566425783835714,1.726225407403315,-0.24611355047064462,-3.083978632594036,0
0.6372676271858588,1.199507794403242,-1.0593339919054932,-0.042949801505354386,0
-1.8014139375822096,-1.3154828489177535,2.214294321569874,0.4112082447489347,1
-0.8102370044092899,-1.82591534069487,1.4565362256037448,0.2547405080349385,1
1.2077734775865963,-0.902042623247955,0.48401012548207895,0.9627931521298967,0
-0.8802905319180162,-0.13674456308760685,-0.2697995380146458,0.05502791946531515,1
0.600631241920306,0.12130276217321949,-0.0066874242891413384,0.48243865996110474,0
1.2088232307460676,0.6848329601226661,-0.776885155806487,0.5378396231946353,0
0.44092879459271983,-0.40612475894739225,0.6527745144602471,0.10193104566953472,0
-0.747321798384969,-0.5806338599515899,0.1474719110974136,0.81485197248836,1
-1.0848174391550325,-0.3158603690764077,0.10107667776380305,1.0267164350524713,1
1.757564198973764,-0.08188491627875898,-0.3029594598490048,1.476622973280018,0
-2.0861069944308603,1.2108321118923147,-0.40184857302702026,-2.245070880429024,1
-0.09162148073872899,-0.425593347669921,1.4673863521678614,0.9968852558083502,0
0.8850443645930977,0.6476611445580804,-0.8264133343900334,0.25534786632447315,0
0.6145579671692936,0.3538618199737456,-1.4191619684054915,-0.42530303168450273,1
-0.20769968593588098,1.1598555769717143,-0.09471857853991557,-1.4213235444834043,0
1.0480360384870275,-1.043288679905472,0.6752810402630959,1.2946038145714123,0
1.215751601598579,0.8253605555497586,-0.6683147810789267,0.30588101765451614,0
0.3959643675953605,-1.1654099828578774,1.6499725584251588,-0.42958749713780914,0
1.4620586845825578,0.9591654066064497,-0.760091647812345,0.3923330557354116,0
-0.8458936200593359,1.5729536782460725,0.1269465124379066,-1.0511645621328978,0
0.7592839360884208,0.9510228459949711,-0.3783606981973533,-0.21649419338324385,0
-1.2492787674722223,-2.135999786502162,1.7541890607097934,-0.5342979495351032,1
0.06659031710240777,1.3057032067479026,-0.37895273270414265,-0.21465799390325532,0
-0.8492878219416268,-0.31125879595773603,-0.02523169580530642,0.39415983880781047,1
-1.5623851431705662,0.6512021320508874,-0.18650235618197336,-1.756170998372593,1
-0.4119256639338486,1.145708733220259,0.1991885440834888,-1.5954329208166746,0
-0.06172800993418103,0.48908648727151366,-1.4987065268468804,-2.3656008975769884,1
-1.3475006714267654,-2.7027117413292028,3.817256544154757,-0.3881553037431965,1
-0.9802970162436607,-2.0492712522580527,1.6399056681735265,-0.31329486340520285,1
1.1304416615055344,0.8497882373841942,-0.738990340099541,0.5080089147708936,0
-0.3575064601468499,0.1435921665361533,-0.6923877795067435,-0.5762951273850973,1
0.6239007702885893,1.0388119658649453,-0.36987179875175474,-0.9707955233549386,0
-1.99880252333482,0.7867689237440957,-0.3584250304084225,-2.661464424044882,1
-2.1375099074729778,1.0434135389836168,-0.2824303753715567,-1.79209459332724,1
2.223094733427359,0.5460673053320912,-0.8982637478793737,0.8258079627189582,0
-0.7802490558203894,0.12200411718387208,-0.8959140389419218,-0.48311977428516684,1
0.54954325482603,-0.1339220368252246,0.6589021867873278,0.9944511144464167,0
-0.7696465489097281,-1.5168914805134426,1.749051951954384,0.8891238873519983,1
-0.599761495935269,-0.6404543104943218,-0.4336272345879516,0.4696511784543129,1
1.2672594899566438,0.5793389027886579,-0.7322637223570313,0.6796935661498203,0
-1.008325425601548,0.2936821388158014,-0.4052049709896355,-0.04116068406331427,1
1.5598606872733125,-0.2992245703481244,-0.2646670365316624,0.7271805096246003,0
1.052864903020596,1.3127851817335163,-1.1773723114692571,-1.0499404291462386,0
-0.2518418062916544,-0.3770989252382395,0.8177839764109184,0.6413358298332397,0
0.555701806694929,-0.5165642244174898,0.8880679172752907,0.4306860838481975,0
0.9691995762107235,-0.2765690928820695,0.01029037460205573,1.1314174710421758,0
-0.7137296972818834,-1.58593218351329,1.1971698243608844,0.5086162730604283,1
1.595762245327235,1.0564997971092076,-0.9174069648109677,0.08181759905796816,0
0.8671985608820834,0.03811521542191696,-0.002540879105402559,0.5512335213502029,0
-0.25829078986800724,-0.4570961620020615,-0.40934921253716106,0.9883634069396856,1
1.2098729839055389,-0.8454039295828175,0.19720741694014696,0.713785669828274,0
1.053389779600332,-1.0588553398980043,0.4938927248366563,0.5317514448675247,0
-0.41519389543700297,-1.1069922423364509,0.19978748949891775,0.8032839157644323,1
-0.6413317210503374,1.4826841565091564,0.07956071553262516,-0.7979102800083272,0
-0.9232254361403975,-0.07410158628249278,-0.30216977335512385,-0.22134364329193149,1
1.2130222433839533,-0.18772109800820763,-0.13162974158383023,0.8872971042795995,0
1.0445018695168071,1.282336110539332,-1.236598798510326,-1.1236238185355218,0
0.9669950945758335,1.3035820354961731,-1.0514325196942576,-0.6529917672030794,0
0.005725628916254535,0.26359229823682934,-1.3234458837475216,-1.225886004959498,1
-1.5723228064135621,-1.7671554757780028,2.579651024981524,-0.14219873750063142,1
-1.3960342591663275,0.14537121339244277,-0.2769039520961182,-0.0003405571620309958,1
-0.2715106813229507,0.1071388122019922,-0.9519615080087909,0.2596134989626003,1
-0.9918443009978464,-0.36470889025736997,0.1328668575058003,1.1034507405008123,1
-1.1190393921538009,0.32413121000998574,-0.42593078599968975,-1.1437278487394986,1
1.1640337626086201,1.4363263009269993,-1.27092297808683,-1.7726026296165929,0
0.17893140105184147,0.23882249200695352,-1.2269235264149354,-0.23716320804260185,1
-0.1003589262027295,0.7666006906328916,0.15122683812491036,0.1579398380129795,0
0.7609635411435751,-1.1703536803719896,1.1513735364427027,0.5701068270822081,0
1.0686811839566324,-0.12719929245482325,0.1314846757778874,1.415745898212706,0
0.7686267392077165,1.4009164259989308,-1.1053376070828616,-1.317837225072769,0
1.3692954970572662,-0.8723120132841953,0.388271004461977,1.1685651989834822,0
-0.33980062352376517,-0.04329328447309611,-0.8301682614175303,0.24804544223867261,1
0.42941650161051664,0.15103337213697932,0.3565038610821116,0.6206385659511127,0
0.6198067329666508,-1.0553143524051976,0.8929976987715135,0.3795502824324147,0
-1.3868314231349614,-2.429097756075844,2.997507597691733,0.27848397977232847,1
1.3635568464521557,1.3078243779996324,-1.2249423992715935,-0.9202764966362802,0
1.4304961062544506,-0.76081367281021,0.2958951923131299,1.3299153430327297,0
1.0372585727164543,-0.23338444106762093,0.17214385494065923,1.4595792755426886,0
-0.08148436439543326,0.01050577670988688,-1.0847891720612228,0.25534786632447315,1
1.710045372621691,0.2958033100675311,-0.7121299418537664,1.0766610609081593,0
0.16468625067781426,0.6551023501589064,0.11964398564210002,0.41546916918326704,0
0.6736940618195173,-0.30630312408978366,0.8041694863909761,1.2452618388014642,0
1.4895622173607095,0.013687533587481454,-0.37776866369056394,1.3043497964267359,0
0.35621371462337587,0.23988307763281833,-1.2411369618503068,-0.10264982562395554,1
-1.6146978422842255,0.1280255065436209,-0.15531572912783137,0.22977761151468423,1
-0.4172024231487916,-1.5027446367619874,1.0329435987226971,0.8623389159631402,1
-0.780493998224266,-1.4521273324565989,1.6402972863297682,0.7192660190454704,1
-2.466537539423305,0.8168587643230678,-0.11564250626430406,-2.978656113703412,1
0.6256503588877083,-0.35232022377408223,0.7783226880790045,0.4379932161377928,0
0.7301007982551152,0.10183588407266793,0.11390793147126134,0.7582311136515858,0
1.2596662754364671,0.9602259922323145,-0.7922734457105842,0.017927273561957342,0
-1.638527239004227,-2.4804164153918853,3.136071315915004,-0.08499406139329675,1
-0.5934629769784404,-0.04755273319632754,-0.6535254365902584,-0.09897742666397849,1
0.6830018731668306,1.2841151573956215,-1.0218307943547893,-0.7376452714343449,0
-1.7347896037277566,-2.619883425193113,3.6747305716448033,-0.9470661762289332,1
-0.7690866805580099,-1.3770823463167747,0.8949788259148553,0.7076979623215427,1
1.9666400365684897,0.16093787338497517,-0.6181876570799514,1.253783687670129,0
-1.7582340909559515,-2.4995411690969966,3.2446416906425646,-0.13673722109861425,1
1.151891617730734,0.12908609216948572,-0.16025011789648053,0.7296146509865339,0
-0.32826383630117417,0.05333975101900913,-0.9993242685519403,0.07758021564261008,1
-0.969379583385158,-1.2407970933931418,0.9843829473486896,1.000538821953148,1
-0.8880237135261224,-0.3176308628228111,-0.5441718255502143,0.17802974360557183,1
-1.3357784278126679,-0.43302600016086096,0.2939371015319199,0.8215470382846258,1
-0.9273544652343185,-1.4496469305896567,1.077541995810021,0.47087060323717705,1
-2.6291792955974107,1.2271172331152718,-0.25282404275966186,-1.6362530477179582,1
-0.4754987152714381,0.1336876652881574,-1.0366431752055894,0.002060626773338553,1
-0.36404642233035683,-0.10419142686146483,-0.6408784737798551,0.039208354714644775,1
-0.11105591089774333,-0.3264799103108738,-0.700104960820924,0.8489440761668136,1
-0.955137932188329,-1.9420323605072987,1.8465648728586406,0.16402754551971066,1
0.5090927664143978,0.9800521009480784,-0.3513183126907369,-0.8800684362283264,0
-0.2476392944765705,1.2480039274569008,0.1782715272677399,-1.4931707343926985,0
0.040853868809366665,1.496146751469731,-0.6324010925153226,-1.4688293207733638,0
1.1877581840126743,-0.7979683821550237,0.13070143946540339,0.6188117828787137,0
1.0916007946050919,0.16873830960101346,-0.14465680436940956,0.8343345197914177,0
1.1419889462597201,1.2940196586436177,-1.2117195274078931,-1.0079432512962447,0
1.2502534887732064,1.5648111176345938,-1.3165349751079567,-1.663042727310611,0
-1.7319202784252012,0.9142102610455977,-0.3844791559795812,-2.621303445674877,1
-0.12446125874419342,0.20449030892452208,-1.1027575345240912,-0.7711206004156741,1
-0.6199167565971203,1.4097774478408338,-0.9928280144307496,-2.1921035877370474,0
0.5961173033345788,-0.4850614100853494,0.8627970280166161,0.2486528005282073,0
-0.2987412782796395,1.0887108089399093,0.1855740540635465,-1.1924106759781685,0
-0.6586176564096337,-1.562565087304719,0.9879305471169998,0.7162245193940022,1
0.19126250149843252,1.2115505731227394,-0.45553711861158463,-0.2377752745359314,0
0.6228860089011002,-1.2262910190264742,0.6760642765755799,-0.01922045437934888,0
0.7872073701303607,0.8593335080169777,-0.4480364791014439,0.7655382459411811,0
0.9688146667189174,-0.980987827495798,0.90384782533563,0.7630993963754528,0
-1.2552973522531918,-1.8227335838172751,2.092501074978614,1.0261090767629366,1
0.9392116276218231,0.14785161525938476,-0.17505328420242797,0.9445253214059084,0
0.08191321405349235,-1.287172055195071,1.607931197534474,-0.7832677662063675,0
1.0001672944151305,-0.19055388800245313,0.05154849918025655,0.7539701892172533,0
1.2032245472288867,0.6908372432626431,-0.8777383492198667,0.24743337574534313,0
-0.8153108113467351,1.002341505311012,-0.6959584156371852,-0.29686323216120303,0
-0.10778418021739071,-0.9211502707332941,0.004162702274975105,1.2075491264047769,1
0.7319903539421637,0.8126164218196085,-0.4553413095334637,0.7503166230724558,0
-1.1050426833608484,-0.36329335057123585,-0.1705151208624472,0.5975033941440162,1
0.2991071427481303,-0.17001616054417348,0.9905106196757703,0.3740699332152181,0
1.259596291892502,1.4327853134341924,-1.273687341542656,-1.671564576179276,0
0.8133812155731817,0.01616793545442343,0.11095927711838045,0.7490971982895916,0
-0.670514858883643,0.020068153562442577,-0.42139031902349583,-0.21649419338324385,1
1.2925235493279226,-0.9367340369455988,0.5266504317881926,1.0808984443235174,0
-1.501814385869065,-2.5798890833661448,3.594011158734688,-0.5166421853044445,1
1.614657802197721,0.21439481017251794,-0.605149076113306,1.0954938760875288,0
-0.44037397455552424,1.289777316140158,-1.1848821655242507,-2.964060681939401,0
-0.9585321340706199,0.2172344426546723,-0.8323336794579271,-0.5915026256424379,1
1.1180195824517893,0.38925458868204177,-0.1837379927261475,0.7277878679141351,0
0.050707551799605094,0.3195296368913141,-1.4016082604609974,-1.5004684502747043,1
-0.03211097412829388,-0.22524359107811961,-0.13814212115851326,0.3594556686360274,0
0.6455256853737006,-0.7962064415185063,0.4137492209798385,0.528098820363486,0
1.07158550103117,1.254726671827302,-1.1491527678577016,-0.017996321392689894,0
-0.16253059206419665,1.0844684664364497,-0.19558329013436127,-1.2277222044394864,0
0.8931974474649923,-0.9176263894602593,0.28327126586485846,0.31075400858217805,0
-1.339102646150994,-0.28577223911941285,0.29727737404104276,0.3905062726630128,1
-0.9629760891123823,-0.39904449458375585,-0.005097915302041496,1.2166830417667711,1
0.00876291472432518,0.5988057808892094,0.09713745983925119,0.3466728953330304,0
0.6917848079344081,-1.4273404200069513,1.5218673486097622,0.6656913680639592,0
0.6718744896764335,0.4327899180018166,-1.4618022747116053,-0.7960740805283385,1
1.2421703894452765,-0.7215206859938945,0.25523601315035793,1.105851924436182,0
0.14852355119915253,1.4575551196640684,-0.6391046738957002,-1.3299843908634625,0
0.09498963924330808,1.5641097626239415,-0.6310189107874097,-1.3488642880807802,0
-0.20228295963300844,-0.477981145721713,1.4744815517044811,0.8708607648318049,0
-0.3538603175062858,0.9067690554447717,-0.20525395495732537,-0.11602112440130784,0
0.8697179684648148,-1.1324805097967512,1.0481475977297392,0.8379833777324206,0
-0.7794442450647947,1.6968369218349957,0.4003190218569513,-1.7372911011552752,0
0.36615137786637203,0.6274758052271044,-0.2907216228300637,0.5561041581759674,0
-1.0519251734915944,-0.479043441969555,0.4615035996792301,0.5694980563315349,1
-1.4022977863511736,-0.29462299722945273,-0.16123837783193826,0.42947136726912816,1
0.571868005350789,0.9542046028725656,-0.42257438803707453,-0.30048854908323164,0
0.09410434741215383,-0.28400345599498666,0.19405143532807909,0.7965841417643716,0
0.02370790053800003,0.3195296368913141,-1.4221336591205043,-1.4755149701620398,1
1.27646232598801,1.522336373940684,-1.2093467821083095,-1.3994303968373873,0
-2.3630318778994224,0.7934916681144971,-0.1914367449506225,-2.7320874809675177,1
1.4835786243517222,0.008384605458157189,-0.3748084911566171,1.1515215012461528,0
1.6549683235214236,-0.2907279109873652,-0.2711794161063455,1.12411975516017,0
0.0816332798776333,-0.31727676407353045,-0.7239706319895539,0.738748566348528,1
-0.603715566169278,1.514553043944418,0.1322679120903714,-1.466993121293375,0
1.66917498294627,1.4561353034229911,-1.2610634150943845,-1.4462770245960688,0
-0.31074695524679435,-0.2910820097366459,-0.3900055792550197,0.39902812153167744,1
1.398478634890572,0.04519719040753068,-0.09195421508408971,0.9597469442746338,0
-0.02290813809692772,-0.11585786874597817,-0.6466145279506937,0.30527365936498146,1
-0.3959974093274688,-0.8985016357551481,0.5641536293388967,1.1259559546401587,1
0.5405853611985405,-0.3898413483464125,0.8785769360769553,1.0754369279215001,0
-1.4156646432484432,0.3280143218982328,-0.3307906103950168,-0.42958749713780914,1
-0.18182257071947072,-0.6209874323937701,1.6399056681735265,0.924435415813316,0
0.1931170654134987,0.8338452405566773,-0.7747197377660902,-0.7084073258683738,0
1.6849212803383418,0.21049459206449886,-0.6286461654878258,1.1180461722648236,0
1.8418593776793195,0.5566902678105118,-0.833139952132543,0.6042003432217999,0
0.05234516672838053,0.28235782132672826,-1.251779761155236,-0.40642313446718475,1
1.3849368191333904,-0.7487708940907123,0.08015966094805413,0.9968852558083502,0
1.0940502186438583,0.8731382273729928,-0.6128432210653547,0.6687328677154273,0
1.171661968900779,1.5226956045558961,-1.236598798510326,-1.7987802427159165,0
0.896381698715389,-0.7901850521587576,0.22148774262715065,0.7113515284663403,0
0.0127799701479025,-0.2648889660217385,-0.7687763563360644,0.8404222272981489,1
-0.6509544583454923,-1.18097664285041,1.1795930800542584,0.7296146509865339,1
-0.598571775687868,-1.4655728211974017,0.7966596323359826,0.5530598336022222,1
-0.6222262135479575,-0.30347204471751543,-0.13695805214493456,1.4047757833707235,1
-0.634403350197826,-0.6744443691813129,-0.34835814015679006,0.512269839205226,1
-0.16164306075963555,0.2625317126109645,-1.327776719828315,-1.50776616615671,1
-0.5606406948589672,-0.0309083813581582,-0.625282856616571,-0.08132166243331969,1
1.2421703894452765,-0.8085913446334442,0.2623542490491095,0.7411827077104616,0
-0.9669651511183736,-1.5880533547650195,1.5210610759351466,1.002365605025547,1
0.6090992507400421,-1.3455726894967257,1.4770616242632517,0.16707375337497365,0
0.979347190085614,0.8391652749057736,-0.5534324431272307,0.6790862078602856,0
-0.25161086059657073,-0.015341721365625756,-0.8814932762473635,0.18959780032949952,1
-2.5278781157084187,1.1616346238280035,-0.32684286901647613,-1.1851129600961632,1
0.579391236327001,0.5418249628286319,-0.7265507045483246,0.014866941095309831,0
-0.9749782669023389,0.2805958806902109,-0.4731046483733579,-0.01860838788601944,1
-0.8434791877925516,-0.07798469817073987,-0.3019723517316536,0.04043248770130376,1
1.2382163192112676,1.4763206427539672,-1.2659931965906073,-1.815823940453246,0
-0.7259068339317519,-0.4132033126890516,0.06062482586021812,1.4681011244113533,1
-0.5799911447652237,-0.560807751235826,0.20886381617887934,0.932349906392446,1
1.4859230730745416,1.3665842429164994,-1.2221780358157677,-1.2478262346434632,0
-0.39062267315097515,-1.134601681048481,1.610280906471926,-0.7071831928817149,0
-0.015153961425632119,-0.5091315719265499,-0.5597674427134983,0.719873377335005,1
-0.5027328114053251,1.2632284630539927,0.08608000601594779,-1.7208594699112751,0
-0.6822371024977407,-0.3222324359414828,-0.5802928413730053,0.33997312133296975,1
1.843608966278439,-0.4224081695483721,-0.22499151003192194,1.2166830417667711,0
0.9179016384845533,1.147128549461336,-0.9807799970357753,0.11349439418966757,0
-0.9019154470031276,-0.14454499930364512,-0.43540333810831977,0.17924916838843602,1
0.6224311158653293,0.2650121144779064,-0.231308080528484,0.7022176131043463,0
0.3056506041088355,-0.30630312408978366,-0.7453023033236768,1.1929066126028174,1
-0.07812165510792647,0.9609273472429671,-0.08484980100261726,0.15733247972344483,0
1.2450047229758494,0.11103903031001135,-0.1266953528151811,0.9061722932931225,0
-2.223169765285846,0.963407749109909,-0.18452813994727107,-0.8039838629036739,1
0.48806271145298685,0.9835759822211131,-0.3675036607245973,-0.8265361590809688,0
0.8220591750248121,0.9039465291823895,-0.5011329901792189,-0.3156960473405725,0
-0.30294728927192166,-0.350196315527189,-0.327829746770206,0.3582409520569581,1
-0.9377470215130856,-1.9045013143275007,1.7605010239339292,0.4349517164863247,1
0.10484682141074478,1.2076503550147204,-0.5954738040179156,-0.13734928759194379,0
0.477880105806114,0.7018194363562757,-0.1189966005907061,0.8288541705742212,0
-0.8117766423765146,-0.2935607009816107,-0.13439180140344287,1.2367399899327995,1
0.6028007317832137,0.4317293323759518,-1.4588536203587243,-0.7144809087637205,1
-0.6050802452765909,-0.07480294129314534,1.301777944801761,0.7685797455926493,0
-0.8068777942989812,-1.4740746124240924,0.9873546380637024,0.827634745791357,1
-0.08653017791529258,-0.4358587901551065,-0.40559889278209066,1.1344778035088234,1
-0.4784415232951563,0.16695926274472403,-1.1434167136868627,-1.053612828106216,1
1.0750146946854433,-0.13462339183587715,0.1474719110974136,1.5831696251573006,0
1.1496171525518792,-1.2744279214649208,0.5686917926788775,-0.02105665385933741,0
1.7913662507087442,1.4433911696928408,-1.3224553201758504,-1.4736787706820513,0
-0.7842731095983632,0.24058443264347093,-0.5923178224058477,-0.5513416472724325,1
0.46269367676576084,-0.5377998856424676,0.043439699709834086,0.4459077067169228,0
-0.010622526953913813,0.1577561165073807,0.6831825124743314,0.9055649350035878,0
-0.8441790232321993,-1.8322959606698308,1.7964147124975332,1.011494812183746,1
0.805788001053005,0.8264211411756234,-0.5583852609855854,0.6042003432217999,0
0.9273844086917784,-0.883277100158056,0.1310930576216454,0.3923330557354116,0
0.447192321777566,-0.3767448264889588,0.8813412995327811,1.177087047852147,0
-0.8642643003500858,-1.4768971386864749,0.7990323776355664,0.3710237253599551,1
-1.0381734071025186,1.5602095445159223,0.13325847566204232,-1.0621346769748805,0
0.16029478329402544,-0.9961952568731183,0.7569910167448817,0.42947136726912816,0
0.19168240276222112,-0.15799048804444785,-0.8424005697095596,0.8483367178772789,1
1.2845104335439574,-0.9760270237619141,0.5692907380943064,1.3359889259280766,0
-0.6179222255941246,0.11067979969479906,-0.5062654916622022,-0.3881553037431965,1
0.372309929735271,1.2232170150072526,-0.8359043155883689,0.22247518742888375,0
-1.1094166548586462,1.74003012675933,-0.1566979108557443,-3.4559738144245307,0
1.1552508278410425,0.8862415917183553,-0.6998976335617371,0.12262830955166175,0
-0.5636149954774696,-0.036570540102694754,1.280261982570583,0.8988651610035271,0
0.5224596233116673,0.8402258605316385,-0.17959375117862192,0.8812093967728682,0
-0.7249270643162453,-1.9859098142225138,1.8538673996544475,0.6072446677955451,1
0.2618059138149123,0.012267717346404285,-1.0486681562384317,0.6291604148197772,1
0.7484014950019003,1.023228199652641,-0.3669116262178079,-0.2603275707132262,0
1.0559441789550457,0.7977511168377286,-0.5899681134683957,0.38624534822868045,0
-0.6681004266168588,-0.5916160530452227,0.17451660024024307,0.7667529625202505,1
1.1850988093420134,-0.21249945734796943,-0.05840405727521665,1.3694642549094058,0
1.0481060220309923,0.8285423124273532,-0.5560125156860015,0.2243019705012826,0
-0.9082839495039209,-1.5264538573659985,0.9772877478120701,0.3466728953330304,1
1.2488188261219288,-0.2585168991566635,-0.07577347432265573,1.0894202931921821,0
0.6721544238522925,1.3294124273519137,-1.0119712313623437,-0.7601504855736915,0
-0.1738815379857892,-0.37639072773967813,-0.3386851716976128,1.1429996523774881,1
-1.071275623397851,-0.4135574114383322,-0.09728482928140722,0.7710138869545827,1
-1.0734451132607585,-1.9459154723955459,1.9436631392445236,0.43677849955872355,1
-1.0213773565509758,1.8129539416474245,-0.14307881356337562,-3.038356137822013,0
-0.8446689080399525,-0.28223296224858324,-0.6096872394532868,0.18046388496750534,1
-1.741263081544497,-1.340971116378054,2.195335395535335,0.3198832157403773,1
0.5670741325892028,-1.5115885523841186,1.6371413047177004,0.28518375377238914,0
0.13081771457606783,0.24908622387016174,-1.1489454405985147,-0.08861937831532528,1
0.7522155981479799,0.6441201570652737,-0.29743257584632365,-0.17327288254659104,0
-0.6430113261054918,-0.31515217157784636,-0.10399532157042447,1.3128716452954003,1
0.6232009348489418,1.3577403272943682,-1.043945702001396,-0.8411315908449801,0
0.472001488113074,0.8090754343268015,-0.31026260862658894,0.7545775475067881,0
0.028473779882000328,-0.9388552081973284,0.08015966094805413,1.0869720272188639,1
-1.8595352708449442,-1.2008027515661739,2.0844153118703233,0.31866849916130807,1
-1.4242026356121442,-2.6832448632286514,3.7430333853658326,-0.6049210064577388,1
1.5803658656549877,0.8858823611031429,-1.0692165912600708,0.02216465697731542,0
-1.0975194523846366,-2.5384749252981,2.605889441449738,-0.3297264946492026,1
0.6649111270519397,0.9347377247720141,-0.30888095673500504,-0.2511936553512321,0
-1.173801515306227,0.3198717612867543,-0.3560568923812651,0.019151406548616325,1
-1.4177641495673858,-2.558643158409304,2.7231445247010173,-0.6402325349190564,1
1.1814946568278282,1.3902934635205104,-1.2008694008437768,-1.4194873450034158,0
-0.6625017430996779,1.6469380787600316,-0.32585599126274634,-2.7753087918041706,0
-1.4858581378450992,0.0837717159934215,-0.1205768950329532,0.4227715932690675,1
-0.43546812812359437,-1.6206064909911617,1.1829563889255132,0.738748566348528,1
-0.16393194254854704,-1.0319472561966267,0.10107667776380305,1.000538821953148,1
-1.5280582148558506,0.3442994431211899,-0.3821110179524237,-0.45939042715916145,1
0.5350566612253244,-0.027726624480563664,0.29769202855941657,0.7917158590405047,0
1.069765928888086,-0.2241812948302776,0.13680607543035217,1.4809074387333245,0
-0.7621233179335162,0.21935561390640196,-0.8384613517850078,-0.4660760765478375,1
-0.9824665061065684,1.6993173237019374,0.3977619856603124,-1.9942177822398228,0
-1.7003227083251113,-1.6684012690341676,2.4438516702140793,-0.11602112440130784,1
-0.0009088110516048859,-0.4549732801283546,1.3886250300389567,0.740575349420927,0
-1.0301952830905359,-0.41532790518473567,0.029640918792836698,1.0954938760875288,1
0.29805738958865885,0.2172344426546723,-0.2581523533207662,0.512269839205226,0
0.815900623155913,1.2076503550147204,-1.0881524809324776,0.08732619749793374,0
1.4252473404570931,1.0607421396126668,-0.8692609679553341,-0.1787343989486081,0
-0.04486197583867347,-0.32541761406303177,-0.37875461998980847,0.6376869718922369,1
0.3765789259171215,1.2239354762376773,-0.6886558888413786,-0.24935745587124358,0
-0.45405925657783336,0.15987728775911036,-0.6089040031408028,-0.12091765634794388,1
-1.6433910953097777,0.725887887575499,-0.2761161085112078,-2.042335625023112,1
-0.9632210315162588,-0.49320226007485074,0.31367926387894285,0.5895889035648861,1
-0.5289731412149125,1.261107291802263,-0.11445613361451214,-1.942474622534505,0
-1.4146848736329365,-2.4835981722694798,3.117112389880465,0.3472802536225651,1
1.527458306417628,1.3662250123012871,-1.308633502896721,-1.4688293207733638,0
-2.4424282085274442,1.153492063216525,-0.25914061325622395,-1.284926880546821,1
0.280981404861257,1.1616346238280035,-0.6655504176231009,-0.27675920195722614,0
-0.7634180134968641,-1.8503430225293054,1.5242400939093463,0.35458738591216044,1
0.019925289986704665,-0.18170484051439043,0.6144880805970591,0.07513194966929201,0
-0.4302368582122285,0.08697057909078805,-1.0143439766619275,-0.02590610376802503,1
0.7853877979872769,-1.0652188536531935,0.652981841719434,0.648642962122835,0
0.87405694819063,0.6150909021121664,-0.2490737230045915,0.02461292295063349,0
1.1022382932877355,1.135787125752491,-0.9592640348045974,0.3582409520569581,0
0.5034940828972169,1.170837770065347,-0.8512926054924661,0.21273391377735487,0
-0.5011896742609021,0.11458001780281812,-1.0318976846064216,-0.04907046643864951,1
-0.8092572347937832,1.506051252717727,0.3253126267555433,-0.8861891011616215,0
-1.3119840228646489,-0.03834958695898417,-0.27098360702822455,-0.5580272966611088,1
-0.7635229888128113,-1.1639901666168004,1.1182011749727925,0.7557969722896523,1
-1.8957867466186908,0.2643107594672539,-0.12195677312465293,-0.13551308811195528,1
0.2656900005049566,0.31917040627610177,-1.424690695317143,-1.317837225072769,1
-0.26305317003480927,0.1790020414642217,-1.0925063533754034,-0.8039838629036739,1
0.4927866006706083,0.07598838599715525,0.2617553036336806,0.7460556986381234,0
0.2364018873557038,0.26891233258592556,0.13404171197452633,0.36432865956368926,0
-0.9848809383733527,1.868874174082137,0.45420107288342354,-2.229204233640405,0
-1.4972654555113554,-1.7317627070697064,2.0318924062096317,0.8751216892661371,1
0.4834787893232949,0.7046590688384301,-0.07814621962223957,-0.39182770270317335,0
1.2886044708658961,0.8979251398226407,-0.8830827852344634,-0.00095262365536054,0
1.2567619583619294,0.2664319307189836,-0.14544695159053309,0.7545775475067881,0
-0.24913344314021815,-0.6517786279833948,0.17926209083941078,1.1533577007261413,1
0.8644692026674576,0.920933005415999,-0.5376502314306784,0.152459488795783,0
0.12759497237649056,-0.15727202681402327,-0.8817006035065506,0.5390571646959815,1
0.7273714400404895,-1.1937207765805602,1.1555200816264417,0.37285050843235396,0
0.9174117536767998,-0.8457631601980299,0.1995801622397308,0.6736058586430892,0
1.2181660338653633,-0.7494722491013649,0.23551688716546687,0.795976783474837,0
0.5396755751269986,0.7039406076080056,-0.22518962274625612,0.8367686611533512,0
1.4501964738805306,1.394552912243742,-1.2843531772097174,-1.514451815545386,0
-0.09428435458658818,-0.01852347824322033,-1.0688019367416965,0.2778766214827938,1
1.2227499559950552,0.32413121000998574,-0.14998741856672704,0.7271805096246003,0
-0.9567125619275362,-0.3636474493205165,0.3353795170071757,0.7978035665472358,1
-1.4682572765379616,-0.021003880110162305,-0.32072395050700564,-0.612830788833074,1
0.4515313015033812,0.40057890617111486,0.18004532715189478,0.9238280575237813,0
-1.2954329147169827,-1.5806121491641936,2.369628511425155,0.12323566784119641,1
-0.8621298022591606,1.6469380787600316,0.29886688302814257,-1.8846107978958926,0
1.9125777488557114,0.7081829501114649,-0.909321201702677,0.39659398016974395,0
-2.020007537156143,0.9177512485384044,-0.30572267148672405,-2.914765788207401,1
-1.66473607621903,1.1113765501378274,0.41059323936777076,0.13723786592705758,0
0.024456724458422993,0.6851750845181065,0.07502255219264442,0.35154117805689744,0
0.22569440512909528,1.1329645994901085,-0.5342938334680631,-0.28405691783923176,0
2.1315912496934333,1.3329534148447204,-1.3287672833999862,-0.9500794266576325,0
1.5243090469392135,0.9807534559587309,-0.8767477856481959,-0.006461222095326124,0
0.5053136550403007,0.6936768757447973,-0.2579565442426452,-0.37840932188787274,0
-1.5655693944209628,-2.655635424516621,3.759619566100788,-0.994524870480944,1
0.03174201138515471,-0.1753361948932697,-0.8360886064854239,0.5658451493352685,1
1.2539626166033389,-0.767177186565399,0.21280303410343118,1.0547208312241938,0
-0.3536293718112021,-1.2305333615299336,0.4798635802983402,0.5932419988893044,1
-0.8070527531588931,1.5407426664153707,0.4214433659318872,-1.7330537177399168,0
1.0887314693025365,-0.9961952568731183,0.47967928940128507,0.5098356978432924,0
0.8028137004345025,-0.23338444106762093,0.6433065696240435,0.4349517164863247,0
-1.280386452764559,-1.642553770958655,2.4213451444112306,0.2961397440029873,1
0.3625472253521868,-0.011441503257606648,-1.0171083401177534,0.5110504144223618,1
-0.2682844399461752,1.2012697350397592,-0.43402346001661996,-0.41009553342716176,0
1.3770286786653725,1.5191546170630894,-1.367053717263174,-1.5156759485320452,0
-1.0890164517929182,-1.102048544822339,1.0657013056742333,0.5031359238432318,1
-0.6645312658746559,1.6855126043459225,-0.21670302693687077,-2.726013898072171,0
0.3778386297084872,0.3036037462835693,-1.444640184923353,-1.1960830749381457,1
0.6983282692951133,-0.10843376936492422,0.081933460832209,0.7637114628687823,0
0.6730992016958167,1.27985570867239,-1.0447289383138798,-0.8478172402336561,0
1.239091113510827,1.3892328778946457,-1.2194136723599418,-1.3488642880807802,0
-0.22358245123868364,0.9581048209805847,-0.034722677003641865,-1.1376071838062036,0
1.544359332285118,-0.07304100065662793,-0.3126312327209874,1.3408854578747125,0
-0.013194422194618794,0.6009440583607112,0.15576500146489108,0.37833085764955043,0
-0.17766519829024405,-0.08578513438677812,-0.6371235467523584,0.21029977241542136,1
-0.7535853255698152,-1.5119477829993306,1.3321859428158453,1.1959669450694648,1
-1.350684922677162,-1.7519309401809107,2.0674375129791263,1.030977359486804,1
0.4758155912591535,0.7425322394136684,-0.3209213721304759,0.5920239865675787,0
-0.23717675465383864,1.230658220608079,-1.1659232394897117,-2.6377350769188768,0
0.7293309792715027,0.228199529528533,0.15555767420570413,0.6949151890185457,0
0.8554413254960034,1.506051252717727,-1.0828310812800128,-1.3720286507514046,0
1.4333654315570057,0.19952950519063806,-0.797594845363049,0.7083053206110773,0
0.37580910693350916,1.1156188926412867,-0.2161109924300814,-0.45694216118584324,0
-0.9772177403092113,0.19492793207196638,-0.5429739347193563,-0.7096314588550329,1
-0.9341078772269181,-0.7101963685048214,0.08253240624763797,0.7813672270994412,1
0.0671991739349012,-0.3544439609587777,-0.35585877966693086,0.6790862078602856,1
0.2898343231727994,0.09403544785662972,0.15062789270948138,0.47939245210584175,0
1.1148003394294104,0.8986264948332932,-0.8353053701729399,0.030074439352650657,0
1.3864414653286328,1.344636962949006,-1.390550806637694,-1.1960830749381457,0
-1.2645701718285227,-2.5767073264885503,3.2989153598252785,0.25717464939687196,1
-1.42178820334536,-1.412115884409859,2.046105841645003,0.025224989443962932,1
0.30799505283165496,-0.16541458742550177,-0.8524674599611921,0.7570116888687216,1
-2.3822423607177496,1.2416233074819396,-0.3092757999819455,-2.625540829090235,1
1.3316443504042244,0.08023072850061463,-0.2007134879811314,0.738748566348528,0
0.5809658660662079,-0.695673187918382,0.2765676844844807,0.5396659354466546,0
-0.15627122890021639,0.2349222738989344,-1.333697064896209,-1.4395913752073928,1
0.772720776529655,0.18960789772287015,-0.23407244398430985,0.8440710852391516,0
1.210502835801222,-0.02948856511708107,-0.31796050850566504,1.1484611687795052,0
1.0898512060059726,-0.8762122313922143,0.3345962806946917,0.6839544905841527,0
0.30397099905368125,0.36022533372893456,-1.3956879153931034,-0.6548279666830678,1
0.14030048478329304,1.2430431237230168,-0.4932384288766229,-0.4660760765478375,0
1.1792551834209557,1.3676448285423641,-1.2961938673455047,-1.7458129500239397,0
-0.7383988965294619,0.22784029891332072,-0.7111393782820955,-1.1095933712268917,1
1.1963311681483575,-0.7147979416234932,0.2933381561164909,1.0888082266988526,0
0.17290581791647552,1.0890700395551216,-0.6260891292911869,-0.121482640803325,0
0.05995587713454838,0.8681945298588808,-0.23209822774960756,0.3740699332152181,0
-0.952373582201721,0.22005696891705448,-0.5161342691995005,-0.7954620140350093,1
-0.2110169059198107,-0.65071804235753,1.6067333067036162,0.7344876419141958,0
0.341622145706723,-1.1813358734656223,1.609313379262387,-0.42407889869784365,0
-1.0170383768251605,-1.9289289961619362,1.7589115149468293,0.3332780555367039,1
0.5456591681359858,-0.029847795732293354,-1.006442504450692,0.5701068270822081,1
1.0757145301250908,1.2565057186835915,-1.2421044890598456,-1.2940607959088153,0
-0.15444955725081363,-0.5264755681533945,0.010497701861242697,0.9329619728857755,1
0.7128848464397839,0.8235815086934692,-0.31934222950633534,0.780147802316577,0
1.3251358808155016,1.5856978119762228,-1.2557420154419199,-1.4773511696420283,0
0.14838358411122302,0.9835759822211131,-0.9454422175254683,-0.3424857269332255,0
-0.26950215361116203,0.07704897162302014,-0.9924133599123757,0.25717464939687196,1
-0.12642079797520675,-0.008961101390664672,-1.0881524809324776,0.26144028203499914,1
0.45597525654514365,-1.4471665287227151,1.5648992730721185,0.14576442299951714,0
-1.0528699513351187,-1.5370768198444187,1.7158795904844737,1.2885302316760654,1
0.8796906234797932,0.8965053235815634,-0.4067829617956694,-0.4874042397384734,0
1.7311104193550844,1.3888907534992052,-1.2533692701423358,-1.1729187122675213,0
-1.056019210813533,0.18536555521941075,-0.5042912754274999,-0.8606235545556274,1
0.7755901018322102,0.6830539132663768,-0.4200081372955829,0.2425650930214761,0
-0.15898064180481214,1.1403886988711625,0.009691429186626811,-1.2989573278554511,0
-0.8073326873347522,-1.502385406146775,0.8527301377649836,0.3095345837993138,1
1.3523944711897762,-0.959741902538957,0.5371089401960671,0.9213939161618478,0
-2.3182774015339573,1.009782710911838,-0.1705151208624472,-0.9683472573816209,1
-0.6630616114513959,-0.5158560269189284,0.2307713965662992,0.7545775475067881,1
0.3843820910691924,1.0069430784296838,-0.24571732504197627,-0.46489902559912694,0
-0.7908865545030331,-1.4326604543560473,0.9810196384774349,0.7691871038821839,1
0.6751987080147596,-0.06914078254860878,0.3857139682653381,0.9061722932931225,0
-0.6538937671920122,0.22111755454291937,-0.6333916560869934,-0.3704995395125375,1
-0.9841811029337051,1.7708213223489546,-0.15038134035918224,-3.0018204763740366,0
1.1781004549455372,0.7113818132088315,-0.7834044462898095,0.5530598336022222,0
-0.18672736739824103,0.7135029844605612,-0.059394620846887576,0.03619510428594568,0
1.0973744369821845,0.8264211411756234,-0.5802928413730053,0.7016102548148115,0
-1.3576482853016558,0.48448491415284195,-0.4896862218358866,-1.7226956693912636,1
-0.2416137113412045,-0.7236418572456242,-0.3345409301500872,0.8343345197914177,1
-0.030382380592364266,0.7821673506254241,-0.38941354474823037,0.302839518003048,0
1.804033272166366,1.378627021635997,-1.3015383033601016,-1.227110137946157,0
-0.9532833682732628,1.626051384418403,0.28405450217734246,-0.972631722834927,0
-0.6976684739419705,1.5078131933542442,0.32846860836761116,-1.3604464694160927,0
0.6420964917194273,0.2582893701075051,-0.1799876729710771,0.7661456042307159,0
-2.4131400953781914,1.2837559267804093,-0.30730181411086455,-2.6572270406295244,1
-0.6530189728924527,0.04908030229577778,-0.4150737485269338,-0.13306482213863718,1
1.3188373618586728,-0.7717787596840707,0.057860462404392264,0.9055649350035878,0
-0.3783860504887366,-1.0312459011859743,0.1129404042617223,0.8519855758182817,1
-0.7940358139814475,-1.504506577398505,1.2251820407132532,0.9920169730844833,1
0.5882091628665609,-1.4015100281512105,1.5494879468058893,0.40694261211080746,0
0.72135285525952,0.15173472714763184,-0.5019231374003424,0.5110504144223618,0
1.6467102653335817,1.0614606008430916,-1.0614994099458903,-0.17021255007994343,0
1.0229819297476428,-0.1502071580481816,0.18043694530813678,1.5509184291626303,0
1.464263166217448,0.9602259922323145,-0.8710347678394891,-0.014371004470661258,0
-1.3918352465284418,-2.4963423059996304,3.179886476689844,0.2145606968497537,1
0.3530644551449615,0.9598667616171022,-0.9547258714646166,0.08181759905796816,0
-0.49885572306967735,-0.007541285149587541,-0.8461554967370564,0.00573302573331561,1
-0.7116301909629406,-0.7250616734867013,0.6685774588827182,0.7003908300319474,1
-0.6926296587765078,-1.5986763172434402,1.5068706768619073,1.1472841178307946,1
-0.8023988474852365,0.12412528843560178,-0.47902729707746483,-0.5391473994437911,1
-1.0042313882796092,1.8097550785500578,0.3661791331775021,-2.1567920592757295,0
-0.6768833613844365,-0.6153252736492336,0.2485324317699803,0.8032839157644323,1
-0.7766449033062042,-1.3427501632343435,1.0396471801030749,1.1393272534175112,1
0.541005262462329,-0.03905094196963673,-0.9940028688994755,0.6675181511363579,1
1.2311129894988442,-0.809651930259309,0.23906448693377674,0.9749685671433591,0
0.514166573351843,-0.2673659466447261,0.7579815803165525,1.0808984443235174,0
-0.34283790933183583,0.1439513971513656,-0.7297066861603925,-0.4959260886071381,1
0.832976607883315,1.2221564293813878,-1.1524930403668243,0.0014956423179574277,0
-0.16743531875942302,1.2430431237230168,-0.407573109016793,-0.3559041077485262,0
-0.43794204640274875,0.2062522495610395,-1.0686176458446417,-0.891038551070309,1
-0.12394687969605242,0.7269484732013638,-0.6695126719097846,-0.5963991575890741,0
0.29291359910724885,0.49545000102670267,0.1484624746690845,0.672386433860225,0
1.6556681589610711,0.2540470276040457,-0.6013941490858092,1.0455869158621995,0
-0.07424456677227867,0.5103153060085825,-1.4734586739503375,-2.4380601539796123,1
0.777864567011065,0.8161574093124152,-0.4054030837039697,0.780147802316577,0
0.14637505639943438,0.04059561728885894,-1.0277511394226828,0.5128771974947607,1
1.0103499000620033,1.3301308885823382,-1.192760601373354,-1.1796043616561975,0
1.5133566223087282,0.848368421143117,-0.7725312833635612,0.40390111245933935,0
-1.0259612786806678,1.8310010035068989,-0.10123326175081182,-3.029222222460019,0
-1.5623501513985838,0.10183588407266793,-0.16775075740662132,0.022776723470644963,1
0.4105909282839956,0.9980991628075527,-0.5143581656791323,-1.1059680543048631,0
0.43882928827377704,-1.1112516910596821,1.5814624174449414,-0.28222071835924323,0
-1.0818081467645477,-1.5193718823803848,1.1195833567007054,0.2754424801208603,1
-0.8168854410859421,-0.491785865077728,0.2720295211445,0.6145503876240019,1
-0.5006752952127611,-1.494961306765721,0.8359596661329733,0.7235269434798027,1
1.0771491927763686,1.127302440745572,-1.0680187004292128,0.003284759759997537,0
0.14819462854251816,0.4699617335664023,-1.4282382950854529,-2.0636167061757993,1
-1.0719754588374986,-0.5271769231640471,0.5846790279984035,0.9347887559581745,1
0.46881723686267734,0.954563833487778,-0.5380441532231336,-0.5927267586290971,0
-0.05976497152596946,-0.3169226653242498,-0.7166681051937472,0.7990229913301,1
1.2686591608359388,-0.2663036503968841,0.07147495242433456,0.9999314636636133,0
-1.1664532431899268,0.4264264042466276,-0.44645848829540996,-1.4383672422207336,1
1.4713664959298711,-0.9264703050823905,0.4913126522778855,1.2641417360187823,0
-0.14917104844727147,0.8051752162187824,-0.06589087496807833,0.1293233753479276,0
1.2099429674495037,-0.10525201248732967,0.10384104121962891,0.9914049065911538,0
-1.121628783280497,-0.2687823416418489,0.24931566808246422,0.6711717172811557,1
0.5401654599347518,-0.27196751976339784,0.7439754721403683,0.420337451907134,0
-1.7035069595755081,0.5018306210016638,-0.4620518018224809,-2.007589081017175,1
-1.8583455505975432,0.7952707149707866,-0.368491920660055,-2.5281280925749465,1
-0.525159038068833,-1.4393831987264487,0.9603099489208728,0.945137387899238,1
-1.5357214129199919,0.10925998345372188,-0.13083959436270667,0.20055849876389253,1
-1.0915708511476319,1.387470937258128,-0.6191782206516222,-2.007024096561794,0
-0.20625452575300865,-0.6167450898903107,1.5372556385138596,0.5554953874252943,0
-1.2450797548343366,-1.4818579424203588,2.1155835098347597,0.14880592265098533,1
1.0131142500486114,-1.2337151184075281,0.538283794664793,0.030686505845980098,0
-1.3759139902764588,0.11351943217695332,-0.2753259612900843,0.08732619749793374,1
-0.802538814573166,-1.523973455499056,0.9470870770571727,0.5956770818919969,1
1.3212517941254571,-0.09320923376783204,-0.42395656976498747,1.0175872278942721,0
-0.748056625596599,-0.3979821983359138,0.015427483357465433,0.5804568714844099,1
1.2123224079443056,1.3917132797615877,-1.1933595467887834,-1.3226866749814568,0
0.6029756906431255,-0.11091417123186618,-0.0457570944648134,0.9725344257814256,0
0.7659673645370556,0.19528716268717866,0.13938614798912294,0.656557452701965,0
-1.0265561388043682,0.12624645968733147,-0.4567211876251634,-0.7765821168176912,1
-0.993453922509036,-0.4213458733005301,0.07721100659517319,0.36615544263608807,1
0.4996099962071725,-0.179934346767987,0.6610676048277245,0.9518324536955037,0
-1.9313033951808072,-1.3392091757415365,2.27764431743255,0.38502592344581626,1
0.14595515513564578,0.5676553546843724,0.15852936492071693,0.47756566903344294,0
1.203889390896552,0.16199845901084006,-0.09866701100932014,0.8538123588906805,0
-1.2118025796790923,-1.4800788955640691,1.6805648473362984,1.4254918800680298,1
0.6816371940595177,0.7595187156472779,-0.48692185838006086,0.6760400000050226,0
-0.8105519303571311,-0.13214298996893517,-0.249863870225715,0.06359685037192825,1
0.7309406007826924,1.2388007812195572,-1.139869113918553,-0.0697394810980075,0
-2.393264768892199,1.023587430267853,-0.21472881070216845,-0.9476782427222625,1
-0.874831815488765,0.31138707627983553,-0.4586954038598657,0.01547900758863927,1
0.9798370748933672,-0.04153134383657871,0.1749082183964851,0.8574659250354782,0
-0.8142610581872636,-1.9894508017153207,1.4788354241474067,0.10862611146580056,1
-0.12189286268068668,1.1903046481658985,-0.527977262971501,-0.5769071938784266,0
-0.4111768400134256,0.1591759327484578,-1.140652350231037,-0.9123667142609451,1
-0.9401964455518523,1.69967655431715,-0.29447194258513415,-3.0967849469160074,0
0.45601024831712594,-0.4783352444709936,0.9741087298378703,1.1825956462921123,0
-0.5608856372628439,-0.021003880110162305,1.4229722459775926,1.0498713813155063,0
1.1269424843072964,-1.0238046955851483,0.6881122939705542,1.2051008604314588,0
-0.46143902128891745,0.18926577332742983,-1.006235177191505,-0.8149539777456566,1
0.7048717306558187,-0.5169183231667706,0.9176696426147591,0.4958334997574313,0
1.1623891493254481,1.0193279815446217,-0.8994616387102315,-0.3126827969118734,0
-0.870072934499161,0.2841197619632457,-0.7591241206028059,-1.2636457993941335,1
-1.4120254989622756,-1.7806180707385775,2.5423321183278755,-0.03504001913001925,1
-0.9115031925263001,-0.07834392878595216,-0.33197490977221683,-0.25302985483122065,1
0.22163535957913907,0.9265951641605356,-0.2178870959504495,-0.8593994215689683,0
1.5622401277681144,0.9542046028725656,-0.8522831690641371,0.16707375337497365,0
-0.1508527530087447,1.1113765501378274,0.020564592112875132,-1.281913630118122,0
1.2228549313110022,1.3927738653874524,-1.2600728515227138,-1.5997173862699812,0
0.3121940654695407,-1.1636309360015882,1.6266827963098263,-0.3181443133138904,0
-1.3268555259571606,-0.3512582696506356,0.36972673294581193,0.3570215272740939,1
-0.7899767684314913,-1.734944463947301,1.319746307264629,-0.0015646901486900842,1
-0.6524940963127169,-0.07870315940116444,1.4239628095492638,0.9378302556096425,0
0.7325152305218995,1.1301249670079543,-1.0022959592669531,-0.04723426695866098,0
-0.14314511539418567,0.1545743596297861,-1.1295948964077336,-0.6901394951443856,1
1.1983256991513533,-1.1661113378685302,0.46961239914965264,0.315622291306045,0
0.8486529217314215,-0.22559768982740036,0.21496845214382806,1.4473850277140468,0
0.19889070779059154,-1.5324752467257472,1.5968737437111706,-0.042949801505354386,0
-0.5478686980853983,0.04801971666991289,-0.8939329117985798,-0.11178374098594976,1
-0.9467399069125575,-1.5494617229593566,1.413688592038444,0.8574659250354782,1
-0.38002016624031376,-0.3622315675099869,-0.3858613377074941,0.8051106988368312,1
1.8374504144095396,0.650842901435675,-0.8676714589682343,0.4532148390065182,0
1.0098950070262325,-1.0832830217324398,1.0751692505104369,0.6547306696295662,0
-0.11488401075261577,-0.5328561881283557,-0.08130220123430743,0.7984109248367706,1
0.09414983671573096,-0.05073449007392208,-1.0488754834976188,0.5000944241917636,1
-0.33732670524461084,-0.19373906612400205,-0.6876653252697076,0.3010127349306492,1
-1.0244566324854254,-1.1261169960415622,1.174064353142607,0.5421014892697267,1
1.1582951120035097,-0.8401010014534933,0.20709001629472434,0.49461407497456705,0
-0.6048003111007317,-0.5986809218110644,0.348994007027118,0.7789283775337128,1
-1.262575640825527,-0.2744462110083626,0.291564356232336,0.5384483939453084,1
0.572602832562419,0.815798178697203,-0.3519103471975263,0.7996303496196346,0
0.5110523056454112,0.6869541313743959,-0.2526259300453277,-0.39790128559852006,0
-0.7485815021763348,-1.5703484173009854,1.5056727860310493,1.024282293690538,1
0.07355018054970332,0.4830650979117648,-1.5135189076976803,-2.3053358890030062,1
-1.9251448433119083,0.9368588960237437,-0.34342375138814096,-2.964060681939401,1
0.9329131086649947,-1.049652193660661,0.7402205451128715,1.0346309256316015,0
1.1561956056845668,0.8812807879844713,-0.66260176327022,0.7576237553620512,0
-0.39011179328003237,0.07668974100780786,-0.9910311781844627,0.08487793152461567,1
-1.0662018164604057,-1.3144222632918887,1.093344940232492,0.8757337557594665,1
1.047161244187468,1.4816235708832914,-1.097436134871626,-1.3659079858181096,0
-0.07742181966827884,1.248705282467553,-1.1619840215651598,-2.375958945925641,0
0.3423919646903354,0.2703150426072307,-1.2468499796590133,-0.1830188644019147,1
1.8826597838107757,0.5754557909004108,-0.8662892772403213,0.5396659354466546,0
0.6445459157581941,1.4777404589950445,-1.1254713875861266,-1.6758019595946338,0
0.7644277265698308,1.4844632033654457,-1.0747222818095905,-1.3507004875607687,0
0.1366123520163501,0.11458001780281812,0.6758799856785248,0.8264153210084929,0
1.6810022018763149,-0.3229406334400442,-0.2846027043205932,1.1070760574228409,0
-0.060184872789758044,0.873497457988205,-0.38507119048637056,0.011806608628662214,0
-0.34923790442741326,-0.38913315084785116,-0.41763999926842543,0.7661456042307159,1
-2.4037623004869135,0.7563369587696833,-0.06294222061519743,-2.547007989792265,1
-0.9140226001090314,-0.37532843149183603,-0.008253896914109353,0.4702632449476424,1
-0.7471818312970395,0.2158146264135951,-0.8355126974321269,-0.47765825788314964,1
0.5643097826025947,0.7867689237440957,-0.2011097134097998,-0.4734208744677916,0
0.4456526838103413,0.4749225373002864,0.1683889279131625,0.8635536325422095,0
-1.2218102264660533,-0.4616994457427104,0.31070757316393,0.9725344257814256,1
-0.48269302359101557,-1.6984911096131399,1.2494623664002569,0.7296146509865339,1
-0.3951541076226935,-0.825937051482266,0.542430339848532,1.0382844917763991,1
0.1204496525376884,0.4812860510554754,-1.5245763615209837,-2.294977840654353,1
1.8946619616007323,0.658284107036501,-0.9614294528449945,0.4270372259071947,0
1.003596488069404,-1.136021497289558,0.6048128085016685,0.4568684051513159,0
-0.0498168107513786,-1.1087712891927402,0.7406121632691134,0.10314576224860407,0
1.194266653601397,-0.8655892689137937,0.27103895757282903,0.6638645849915603,0
-0.12413233608755904,0.29226232257472423,-1.3348949557270668,-1.4907224684193807,1
0.16253775587809607,1.1315447832490313,-0.6892317978946757,-0.045398067478672456,0
0.7269165470047185,0.7053604238490826,-0.5799012232167633,-0.013758937977331819,0
1.5615402923284667,0.06572465413394704,-0.35309441621110504,1.3335406599547586,0
-0.7099155941358039,-2.036886349143115,1.555408291873783,0.059924451411951185,1
-1.52599370030889,-1.6864483308936422,1.9497908115716043,0.7923232173300393,1
0.10597005729137918,1.202347426885396,-0.8674871680711792,-0.08499406139329675,0
-0.12371243482377048,-0.2797559816255956,-0.5388343004442571,0.7704065286650481,1
-0.9977229186908865,-0.5930187630665278,-0.05287533036356495,0.6443820376885027,1
-1.0622127544544144,-0.6383331392425919,0.03358013671738851,0.722919585190268,1
0.39141543723765104,0.0458985454181832,0.4338830014831035,0.6553427361228956,0
-0.416502587709144,-1.3243438707596566,0.5696823562505484,1.0504834478088358,1
1.1940567029695028,1.368705414168229,-1.2178471997349738,-1.353148753534087,0
-0.78084391594409,1.692594579331536,0.30379666452436543,-0.9963610699609329,0
0.1695885979325458,0.07634761661236754,0.7143507104387679,0.6705596507878262,0
1.676243320886711,0.3347541724884062,-0.6712864717939395,1.0443627828755406,0
-1.9562525286042447,0.7906691418521149,-0.3240794270151356,-2.5013384129822938,1
1.2494136862456295,-1.0977890960991075,0.7808797242756433,1.1040157249561933,0
0.28846964406548653,0.38643206241965955,-1.428837240500882,-0.7972982135149976,1
1.051850141633107,1.1605740382021388,-1.047101683613464,0.13419636627558948,0
-0.9080390071000444,-0.14454499930364512,-0.44053583959130305,0.18655159247423653,1
0.3162531110194969,1.1722575863064242,-0.7533880664319673,0.315622291306045,0
1.0516051992292303,-0.3728514508688485,0.270255721260345,1.7219674730292533,0
-0.6508844748015274,1.7920672473057957,-0.15334151289312908,-2.985388845130037,0
0.20613400459094436,0.07316585973477305,0.2676756487015743,0.48852636746783595,0
1.6693499418061821,1.539682080789506,-1.3153370842770986,-1.362282668896081,0
1.088696477530554,-0.09993197813823344,-0.07715565605056865,1.2282181410641348,0
0.6884605895960819,0.7552763731438186,-0.4985667394377272,0.24317245131101078,0
-0.246750503468218,0.20767206580211658,-1.0190664308989634,-0.739434388876385,1
0.04748480960002784,0.3297933687545223,-1.4118594416096848,-1.5430776946180276,1
-0.43742766735460775,0.23528150451414667,-1.1155887882315494,-1.1059680543048631,1
-0.5673241233076018,-0.1250610149833215,1.4614660070999674,0.8635536325422095,0
-0.9071992045724672,-0.35621394151858804,0.13641445727411017,1.2057129269247884,1
0.6360429151664754,0.291920198179284,-0.16715872289983197,0.3813723573010186,0
-0.28683007909683705,-0.4128492139397709,-0.42277250075140876,0.8635536325422095,1
1.4337853328207941,-1.1087712891927402,0.41927794789149025,0.570715644914919,0
-1.2240496998729258,-0.3572758956420346,-0.15452558190670784,0.5427102600203998,1
1.4450876751711033,0.6158093633425911,-0.8017413905467877,0.659603660557228,0
0.6826869472189891,-1.1292987529191567,1.0574082153067559,0.6699522924982916,0
0.09779248017909677,-0.018882708858432615,-1.0289490302535407,0.4720900280200413,1
-1.9571623146757868,-1.2553031677598094,2.0796698212711555,0.0690583667739454,1
0.85789074953477,0.6876554863850485,-0.3382912499051576,0.29248617785818964,0
1.4620936763545405,-1.1728340822389314,0.48341118006664996,0.45016863115125516,0
0.3345188159942997,1.0876502233140444,-0.796212663635136,-0.35774030722851474,0
-1.786472450945733,-2.527851962819679,3.538332271461929,-0.9458420432422742,1
0.11615266293825201,0.14041040965855883,0.6881122939705542,0.8519855758182817,0
1.4687071212592102,-0.12259771933615153,-0.29980117460072375,1.4674890579180238,0
-0.7576443711197715,0.12978744718013832,-0.815563207825917,-0.3388604100111969,1
-1.4660527949030717,-1.802206120090859,2.5354212096883106,0.11897474340686408,1
0.2748928365363228,0.48694820980001197,-1.5302893793296908,-2.196953037645735,1
1.5240990963073193,0.17828358023379712,-0.15452558190670784,0.9487909540440356,0
-0.8663288148970463,-1.9490972292731403,1.837488546178679,0.520184329784356,1
-1.6164474308833445,0.8717355173516876,-0.33177748814874664,-2.452655585743624,1
0.4782650152979202,0.6904951188672027,-0.18650235618197336,0.8099789815606983,0
-0.40846847686198934,1.127302440745572,0.11174251343086446,-1.4694413872666932,0
1.3213567694414043,0.9697712628650981,-0.9505793262808779,0.06176065089193972,0
0.5401654599347518,-0.030549150742945914,0.41020162121152876,0.7704065286650481,0
-1.0377535058387302,0.25970918634858225,-0.6286461654878258,-0.7723447334023331,1
0.18898803631957778,-0.19232267112687929,-0.854056968948292,0.7697991703755135,1
-0.3367668368928928,0.14005117904334655,-1.1519171313135275,-0.891038551070309,1
0.5164760303026801,-1.1632717053863757,1.6517463583093137,-0.3102345309385553,0
0.0954130396842949,-0.9919529143696587,0.05903531687311822,1.3104233793220825,1
0.8176852035270143,1.5871176282173,-1.081840517708342,-1.5120506316100166,0
0.3096746578868093,0.3779302711929688,0.17905476358022393,0.719873377335005,0
0.7699214347710646,0.1775822252231445,-0.22696572626662423,0.8446831517324812,0
-1.6930094279807937,0.6915557044930677,-0.18077782019220065,-2.0051878970818056,1
0.5415651308140471,-0.20577500235559085,0.7556088350169686,1.2373520564261289,0
0.1072297610827449,0.78960855622625,-0.5757546780330245,0.07089456625393394,0
-1.5721828393256325,-2.53635375404637,3.285692487961578,0.1183673851173294,1
-1.110781333965959,-0.06736173569231936,-0.11998486052616385,0.525663266540414,1
0.17337470766103943,0.31066861504941096,-1.4485794028479047,-1.3768781006600923,1
-0.8766163958598663,-0.5877158349372036,-0.0457570944648134,0.740575349420927,1
-1.5541270849827242,0.28305917633738087,-0.4508008425572697,-1.3208504755014683,1
0.7334950001374061,0.2543891519994859,-0.17110715536923654,0.37711143286668625,0
-1.570748176674355,-1.76857529201908,2.5565455537632467,-0.10811134202597271,1
-0.6335285558982664,-0.0811664550483344,1.318548416433771,1.0541087647308642,0
0.23500221647640857,-0.9866499862403346,0.9723349299537155,0.2693547726141291,0
1.0863170370357522,1.3255293154636665,-1.229296271714519,-1.0621346769748805,0
-0.544089586711301,-0.40010679083159795,-0.017353259956202745,0.7630993963754528,1
0.7901116872048983,0.14431062776657788,-0.1947931429132377,0.8087642649816289,0
1.1047926926424492,-0.2075437854800171,0.06239862574437299,0.9341766894648449,0
-0.698718227101442,-1.4163753331330904,0.9204340060705851,0.8507708592392124,1
-0.6707947930595021,-1.7901633413713611,1.725762189839051,1.0248896519800728,1
1.1937767687936438,0.7485365225536452,-0.872808567723644,0.10557990361053757,0
-1.1846139728487826,-1.9668021667371745,1.9373511760203879,0.28518375377238914,1
-1.2072886410933654,0.054400336644874016,-0.19123863223628831,0.3795502824324147,1
0.9789272888218254,0.23810403077652895,-0.26486514924599663,0.5372308524439622,0
-0.47237045085621326,0.21049459206449886,-1.159795567162631,-0.982377704690251,1
1.3310844820525063,-0.8004487840219657,0.17983799989270793,1.013321595256145,0
-1.7052915399466093,-2.5597037440351684,3.293985578329056,-0.22256777627859056,1
-0.974803308042427,-0.4638223276164173,0.14431592948534572,0.35762888556362854,1
-1.347745613830642,-0.46771570323652756,0.27083163031364216,0.9067796515826572,1
-0.3152783897185127,-0.3717891546210065,-0.3023671949785941,0.49522143326410173,1
-0.10432699314553148,0.99951897904863,-0.2506517138106254,-1.2149158901175152,0
0.05771640372767598,0.543244779069709,-1.5141178531131096,-2.313245671378341,1
-1.523614259814088,0.4912076585232433,-0.5252152031518884,-1.8231216563352513,1
-0.2871100132726961,0.19952950519063806,-1.0970445167153842,-0.9300224784916037,1
-0.7056116061819709,-2.0829020803298315,1.9024280510284546,-0.01192273849734329,1
-1.1804849437548617,-1.6563584903146702,2.413052054043753,0.17194203609884068,1
0.5123470012087591,1.0501362833540184,-0.31796050850566504,-0.49470195562047903,0
-0.38212317173645477,-0.2510825360437463,-0.4014546512345651,0.2559599328178026,1
0.7212478799435728,0.9411012385272031,-0.40915340345904005,-0.6779452473157438,0
-1.98631046073711,0.8950855073404864,-0.29624827646912355,-2.8684841449041008,1
1.3055754802773507,-0.30771951908690637,-0.09116637149917933,1.0267164350524713,0
0.2077086343301515,1.0848276970516622,-0.6351654559711484,-0.20858441100790873,0
-1.417659174251439,-0.2680741441432875,0.22779970585128637,0.3533679611292962,1
1.558810934113841,0.5935028527598852,-0.8832670761315184,0.33023184768144087,0
1.0453766638163666,1.5541881551561736,-1.2809898683384628,-1.8292423212685462,0
0.2380115088668933,-0.10949435499078905,0.9020740254514751,0.36371659307035975,0
1.0651470149864117,1.3963148528802591,-1.2975760490734176,-1.7750508955899107,0
-0.5430048417798473,0.029613424195226223,-0.9083306381310061,-0.03202676870132016,1
-1.470216815768975,-2.565725133394918,2.677947182198265,-0.6949889450530732,1
0.9558327193134539,0.6384579983207371,-0.4861317111589372,0.28031076284472733,0
-0.41299991133370767,-1.2977950176734914,0.6200168075087108,0.993843756156882,1
-0.6829019461654059,-2.1469819795957945,1.972090010115266,0.3320586307538397,1
1.4343452011725124,0.8866008223335675,-1.0680187004292128,-0.13490102161862572,0
1.1450682221941697,-0.21073067422354325,-0.09175840600596871,1.0431386498888817,0
-2.082852759636499,1.0529588096164006,-0.24848168849780214,-1.800616442195905,1
0.2576768847209914,0.35032083248093865,-1.4099013508284748,-0.6615136160717439,1
0.010722453955338506,-0.2348008360647437,-0.5842320592975571,0.7570116888687216,1
-0.923435386772292,-0.32541761406303177,-0.5536397703864177,0.1628081207368465,1
-0.031176693816364308,0.8186378111793572,0.10503893205048674,0.28031076284472733,0
0.776849805623576,1.503570850850785,-1.0727641910283805,-1.4505614900493753,0
-0.4222482366686509,-0.04967390444805723,-0.6566814182023262,0.023388789963974508,1
1.1820195334075638,1.3287110723412612,-1.2687575600464331,-1.5303184623340047,0
1.6087441927326984,-0.310196499709894,-0.2658511055452412,1.1381502024688006,0
0.8230389446403188,0.1425315809102885,-0.26723328727315415,0.8379833777324206,0
-0.20699985049623335,0.8292436674380058,-0.10064122724402243,0.2535257914558691,0
-0.14188401193194067,0.07952937348996211,-0.989856323715737,0.276049838410395,1
-2.6271847645944155,1.2430431237230168,-0.27433770135462654,-1.5686432412240217,1
1.3548438952285426,0.22289660139920875,-0.11998486052616385,0.8745143309766024,0
-0.6145280237118337,0.21297499393144084,-0.7196397959087599,-0.9665581399395807,1
0.5673540667650618,1.0742047345732417,-0.30730181411086455,-0.9720196563415977,0
-1.426582076106946,-1.368580555090084,2.012173280224741,0.1786371018951065,1
1.1043727913786607,-0.1785179517708643,-0.15393354739991844,0.867207198687007,0
1.356523500283697,1.553486800145521,-1.2537608882985782,-1.4341298588053752,0
0.10054983181130839,-0.29674587910315964,-0.6928024340251174,0.9634005104194313,1
-0.658197755145845,-0.7101963685048214,-0.33651514638478947,0.4781777355267724,1
1.0409677005465867,0.15811534712259298,-0.07595776521971082,0.8258079627189582,0
0.16646033351732098,-0.4443537388938885,1.3438193056924457,0.2504795836006061,0
1.4321757113096045,-0.9671831081397829,0.348210770714634,0.699176113452878,0
-1.5140265142909157,0.2558089682405631,-0.40105842580589673,-1.2490503676301223,1
1.0684712333247381,-0.22347309733171625,0.07739529749222827,0.8720801896146689,0
0.016758534622299197,-0.9048822557301092,0.39914416738822533,0.10498196172859259,0
-0.29276468362504887,0.148193739654825,-1.1524930403668243,-0.8721586538529911,1
-1.1794351905953901,-0.4500176082604022,0.28741781104859715,1.2172951082601007,1
1.2355569445406065,-0.9615038431754745,0.5069082694411697,0.6949151890185457,0
-0.6516542937851397,-0.5823958005881072,0.21853908827426977,0.5585392411786598,1
0.30453086740539936,-1.1031091304482037,1.551077455792989,-0.24813332288458462,0
0.8748967507182072,0.8228801536828166,-0.3748084911566171,0.9043455102207237,0
-1.0175982451768788,0.2696136875965781,-0.6388973466365133,-0.7942378810483501,1
0.5284432163206544,1.2377401955936924,-1.12367455133984,-0.3126827969118734,0
-0.6925246834605606,-0.017805017012795722,1.3337524154408134,0.9883634069396856,0
1.691744675874906,0.554569096558782,-0.9784072517361915,0.3204952822337069,0
-2.2200904893513966,1.2228748906118125,-0.37579444745586166,-2.276097943437035,1
0.03604250016178928,1.3828693641394565,-0.7022703788613209,-1.4992443172880452,0
-2.0175931048893583,-1.226992374037127,2.067829131135368,0.042268687181292286,1
-0.4337395345876648,0.24518600576214258,-1.1051302798236748,-1.0450909792375511,1
-0.4783470455108039,0.00024204484667866225,-0.8574202778195468,-0.031414702207990614,1
-0.30434696015121687,0.6759719382807632,0.007917629302471882,0.02155259048398598,0
-1.3146433975353098,0.34395731872574964,-0.4170479647616361,-0.2895184342412489,1
1.4608339725631745,1.4550747177971264,-1.368827517147329,-1.4115775626280807,0
0.8754916108419075,1.1577344057199843,-1.1501433314293723,-0.07887339646000162,0
1.4256672417208818,1.0504784077494587,-0.8789362400507247,-0.1196935233612849,0
1.311209155566514,0.8193391661900098,-0.6075218214128898,0.9268742653790444,0
-0.3227036437331739,-0.5806338599515899,1.319746307264629,0.3789382159390851,0
-0.5565116657650462,0.22395718702507364,-0.6225184931607451,-0.3528437752818787,1
-1.2427353061115172,-0.24258758730496432,0.310315955007688,0.4568684051513159,1
-1.024421640713443,-0.3884249533492898,0.01088932001748465,0.3527606028397616,1
-1.4075815439205133,-0.022406590131467424,-0.26960142530031156,-0.5805325108004553,1
0.059675942958689325,0.18854731209700526,0.676455894731822,0.8732949061937383,0
-0.7231774757171263,-1.470875749326726,0.7860168330310532,0.12445509262406058,1
-0.8914179154084133,1.50463143647665,0.29649413772855876,-1.7086652220826335,0
-0.8289576024198635,0.2533285663736211,-0.7235790138333118,-1.2435417691901567,1
1.3103693530389369,1.2717131480609114,-1.447980457432476,-1.8968050457245345,0
1.3618072578530367,-0.2673659466447261,0.016418046929136353,1.5198442841166708,0
1.1732016068680038,-0.878333402643944,0.25267897695371905,0.8136325477054959,0
-0.974803308042427,0.009804421699234359,-0.42040436272425125,-0.22073157679860203,1
1.1573503341599853,0.09403544785662972,-0.010833969472880118,0.8349418780809523,0
1.4599591782636152,-0.9236306726002361,0.28582830206149734,0.8288541705742212,0
0.3881961942152719,-0.19798654049339307,-0.8455795876837594,0.9567054446231655,1
-1.544084446423781,-2.5497992427871727,2.695915544661133,-0.9908995535589155,1
-0.7011676511402087,-1.218490582810436,1.225780986128682,0.6510771034847684,1
0.26404538722178467,-0.19338496737472138,1.0135930545319163,0.5140966222776248,0
-1.0012570876611069,-0.4808139357159585,0.38177475034078623,0.9274816236685791,1
0.2435402088401095,1.2196931337342178,-0.7932640092822552,0.18899044203996485,0
0.2938583769507731,0.4310279773652992,0.2157747248184439,0.6748205752221584,0
0.9489743320049074,0.8904839342218147,-0.5593527881951245,-0.6511555677230907,0
-0.8664687819849758,-0.4312572170364348,-0.005489533458283499,1.347571107263389,1
-1.4922616321178748,-2.5207699878340657,2.6350995486329643,-0.7613746185603505,1
0.8228639857804068,1.509592240210534,-1.0374264115180734,-1.3044188442574687,0
-0.4095427242618484,-0.9243491338306609,0.636787279140721,1.2769480503407533,1
1.3692255135133014,-1.1813358734656223,0.4628857814071431,0.5548866166746211,0
-2.0690660014754405,0.8912023954522392,-0.28736706777641907,-2.992686561012042,1
-1.0088503021812836,-1.9094621180613844,1.8400455823753181,0.26144028203499914,1
-0.19004388754673107,0.2933229082005891,-1.3587606268956967,-1.433517792312046,1
0.5365962991925491,-1.5207916986214618,1.5607527278883795,0.4556489803684517,0
0.868738198849308,-0.16259206116311953,-0.16380232493721675,0.9895781235187548,0
-0.6865410904515734,-0.7261222591125662,0.05726151698896329,0.9895781235187548,1
-0.8532069004036534,1.6727684706157722,-0.40579700549642483,-3.137557991779342,0
-1.4135651369295004,-1.7515888157854702,2.010192153081399,1.024282293690538,1
-1.3089747304741641,-2.526090022183162,3.27127172526702,0.5019212072641625,1
-0.7770298127980104,-1.4298208218738928,1.092354376660821,0.635860188819838,1
-0.2060200808807267,-0.24329578480352568,-0.4014546512345651,0.5408839477683804,1
1.336088305445987,1.2239354762376773,-1.3737803350056836,-1.468217254280034,0
-0.11329538430461569,1.0126052371742202,-0.06510763865559431,-1.004270852336268,0
-0.07966479225234946,-0.09462905000890917,-0.6394962920519423,0.29309824435151915,1
-0.8085573993541355,-1.9013195574499062,1.8163642021037432,0.5195769714948213,1
1.2362917717522364,-0.2680741441432875,0.0012140479220942165,1.3305274095260595,0
0.24242047213667334,0.30500645630487444,-1.4507448208883018,-1.357386136949445,1
-0.8339264340413617,-1.4004494425253458,0.9788542204370381,0.7971962082577012,1
-1.011754619255821,-0.3884249533492898,-0.15097337486597162,0.7655382459411811,1
1.157595276563862,-0.9130248163415877,0.29769202855941657,0.5999389479670881,0
1.1276073279749617,-1.0220427549486308,0.6693606951952022,1.113761706811517,0
-0.4090738345172845,-0.6489561017210125,-0.391979795489722,0.5104430561328271,1
0.1439466274238571,-0.23373853981690165,1.071828978001314,0.36493601785322394,0
1.362017208484931,-0.8776149414135193,0.23471061449085104,0.9384376138991772,0
-1.1244631168110697,1.6041041044509095,0.272421139300742,-2.058155189773782,0
-1.071730516433622,-0.36470889025736997,-0.01774487811244475,1.0590052966775005,1
-1.0342193368685098,1.733649506784369,0.3371533168913306,-1.1930227424714983,0
0.9510738383238503,0.6373974126948723,-0.3552667451601415,0.4270372259071947,0
0.24228050504874377,0.32271139376890856,-1.3617323176107095,-1.2520636180588214,1
-0.25973944922807773,0.21227363892078824,-1.1317833508102624,-0.885577034668292,1
-0.1972840350876055,-0.27940188287631496,-0.38822947573465155,0.5037479903365613,1
0.15450364503094144,0.22429931142051387,-1.2468499796590133,-0.21950744381194295,1
0.12642974636947726,0.9432224097789329,-0.1628163686379722,0.13297694149272526,0
1.2908089525007858,1.5725944476308602,-1.1450062226739626,-1.353148753534087,0
-0.0333251886160825,-0.487538390708337,-0.13162974158383023,0.919567133089449,1
1.2945180803309182,1.1453495026050464,-1.008815249750276,0.2876178951343226,0
-0.0693877088211242,0.48766667103043654,-1.4458150393920792,-2.1713874910397406,1
0.5511178845652372,0.000601275461890948,0.18873003567561436,0.5293163618648322,0
0.5790763103791594,0.8299621286684303,-0.20939819650485095,-0.47765825788314964,0
0.5860396730036531,0.693317645129585,-0.4456683410742863,-0.4813306568431267,0
0.6149428766610998,1.3011016336292311,-1.0295249393068377,-0.7102435253483624,0
0.04136474868030943,0.9237555316783812,-0.027996059261132272,-0.8246999596009801,0
1.171556993584832,1.192066588802416,-1.3222479929166635,-1.3299843908634625,0
-1.6500745237584125,-2.581308899607222,3.629325901882863,-0.7504045037183676,1
-1.528023223083868,0.3060670419307393,-0.38467726869391533,-1.2295584039194747,1
0.034639330105295824,-0.35090434196355264,-0.02642958663616431,0.30405423458211733,0
-0.3735291925375821,0.07776743285344472,-0.9730858520837267,0.14576442299951714,1
0.08779883010092883,-0.35586001383150506,0.9936666012878381,-0.06733829716263785,0
0.7226125590508857,0.09793566596464887,0.1697711096410754,0.6632572267020257,0
1.0260961974540748,1.1460508576156991,-1.0016970138515242,0.2991859518582503,0
-1.1351006154937135,0.21403557955730565,-0.527977262971501,-0.9123667142609451,1
0.060239310487605655,0.2972231263086082,-1.3431650097324124,-1.3373291887834167,1
1.0866319629835937,0.06396271349742963,0.12300729451335479,0.9134794255827179,0
0.13848091264020923,0.6051864008641705,0.0736403704647315,0.4897410840469052,0
0.7925261194716826,-1.207525495936575,1.2218417682041303,0.2961397440029873,0
-1.0987791561760023,-2.134579970261085,1.7869467676613295,-0.2469091898979255,1
-0.9439755569259495,1.7984307610609849,0.3655801877620731,-1.0913255405029032,0
-1.2542475990937205,-1.5168914805134426,2.161587125012128,0.08977446347125172,1
0.33808797673650254,-0.23232214481977892,-0.7794421920031259,1.052272565250876,1
-1.1782804621199716,-2.402908133604891,2.4321952709753467,-0.7285113560723507,1
0.9228004865620865,0.18572478583462304,-0.1262991273865127,0.7728406700269816,0
1.5119919432014155,-0.05463470818194118,-0.32447427026207604,1.2714394519007877,0
-0.8360609321322869,1.6529594681197803,0.2738033210286549,-0.9738558558215861,0
0.46045420335888837,0.4710223191922673,-1.4957578724939993,-0.9549759586042683,1
-0.0265997700410689,0.8313819449095073,-0.06865523842390417,0.2504795836006061,0
-0.634403350197826,-0.702053807893343,0.3345962806946917,0.8544244253840101,1
1.0356139594332825,0.7248273019496342,-0.7620727749556868,0.39842076324214276,0
-0.45097648146618563,0.23174051702133988,-1.157630149122234,-1.0584622780149036,1
1.517275700770755,0.0352755829397627,-0.37322819671436996,1.3000653309734294,0
0.67505874092683,1.2543674412120895,-1.0857797356328938,-1.0097794507762332,0
0.9386517592701051,-1.2312347165405861,1.2076283327687591,0.8392028025152848,0
1.1654684252598977,-1.0085972662078282,0.6190262439370398,1.0175872278942721,0
1.1010135812683521,-0.9873513412509871,0.3387428258784305,0.23343117765948188,0
-1.131181537031687,-2.1445015777288527,1.7662140417426357,-0.3516196422952197,1
0.6635114561726444,-1.5165493561180026,1.6272587053631231,0.35762888556362854,0
-0.1702381946869837,-0.5218739950347229,-0.5291613319850798,0.8745143309766024,1
-1.5504879406965568,0.34253750248467246,-0.395138080738003,-1.2654819988741224,1
-0.9279143335860367,0.2313812864061276,-0.5948978949646185,-0.6846779787423685,1
0.5950325584031251,-0.4730254738537606,0.9468797497979857,0.22795553664608026,0
-0.7305607396054087,-0.20825198297857844,1.5678479274249995,0.8550317836735448,0
-1.2930884659941633,0.13120726342121541,-0.23821668553183545,0.16342018723017598,1
0.607979514036606,0.9287163354122652,-0.6185792752361933,-0.9860030216122795,0
0.29627280921755744,-0.02134600450560258,-1.0753212272250194,0.5993297063960356,1
1.3418619478230795,1.057218258339632,-0.9535279806337589,-0.10627514254598418,0
-1.1739414823941565,-0.0436525150883084,-0.15373773832179746,0.3503264614778281,1
1.2539626166033389,-0.27798548787919225,0.022914301050327105,0.8763411140490013,0
-0.8869389685946686,-0.6057628967966779,-0.031750986288629046,0.7783210192441782,1
0.4113607472676081,-0.2641807685231772,0.7804881061194014,1.1454479183508062,0
-0.7167739814443506,1.5081724239694567,0.2739876119257099,-0.8137298447589975,0
1.3938247292169152,0.08058995911582692,-0.07499023801017171,1.0248896519800728,0
1.04660137583575,-1.1077107035668754,0.5035449605699149,0.6413358298332397,0
0.2915839117719184,-0.37320554961812913,1.1827490616663263,0.2139486303564242,0
-0.8636694402263854,-1.9717629704710584,1.917816340932552,0.5080089147708936,1
-0.795925369668496,1.6858718349611348,0.15871365581777197,-1.9138487434618638,0
0.04430755670402767,0.25226798074775625,-1.229296271714519,-0.271297685555209,1
1.8598451484782634,1.0030599665414368,-0.9160247830830548,0.3393657630434351,0
-0.18182257071947072,-0.44258324514748504,1.4661884613370033,0.7819745853889758,0
-0.8912429565485015,-0.1282598780806881,-0.46047150738023374,-0.026518170261354574,1
-0.8222391821992465,-1.4733561511936677,0.8043768136501631,0.5585392411786598,1
0.018242185754352155,0.2766956625821918,-1.251203852101939,-0.36866334003254897,1
1.4821089699284622,1.0724256877169522,-0.9024102930631125,-0.13306482213863718,0
-0.08293302375550383,-1.1190350210559485,0.1756914547089691,1.2489342377614414,1
1.6451356355943745,0.3308539543803871,-0.7693753017514935,0.7606652550135192,0
-2.285455119414484,1.2434023543382289,-0.4130995322922315,-2.430150371604277,1
0.3450863311329787,-0.36116961338654036,0.6500101510044212,0.8471172930944147,0
-1.8212192805242373,-1.4036311994029402,2.31081667890246,0.0629847838785987,1
1.5303626234921655,1.0409331371166748,-0.9924133599123757,-0.12454297326997252,0
1.1032180629032422,-0.09675022126063887,-0.0015503155337316362,1.476622973280018,0
-0.2094282794718106,-0.5434620443870042,-0.5317275827265714,0.8410295855876836,1
0.9068442385381209,-0.9165486976146225,0.8693163184999386,0.9579201612022349,0
-0.9879602143078021,-1.1738946678647963,1.2188700774891175,0.5402751770177073,1
-0.5098326419405502,-1.486100284923818,1.0291886716952001,0.8258079627189582,1
0.6059849830336103,0.6788115707629174,-0.19045078865137796,0.9688808596366277,0
-0.04983080746017155,-1.1087712891927402,0.7406121632691134,0.10314576224860407,0
1.17211686193655,-0.30701132158834504,0.15122683812491036,1.5368879818540002,0
-0.8491478548536973,-1.5399164523265731,0.9632586032737538,0.5080089147708936,1
0.8416895591069277,-1.0411504024339702,0.5227112138636408,0.41546916918326704,0
0.42280305670584656,0.3729694674590848,-1.3583690087394544,-0.5580272966611088,1
-1.0208524799712402,-0.06808019692274393,-0.5165304946281688,-0.12821537222994958,1
1.3724097647636981,-0.2854181403701322,0.15774612860823292,1.1338657370154939,0
-0.9517087385340557,0.1821837983418162,-0.8647228046153533,-0.6889153621577265,1
0.7869624277264841,1.206949000004068,-1.0753212272250194,0.11288703590013291,0
-0.9649356283433955,-1.2786702639683802,1.0244431810960324,0.9841024825053534,1
-1.5921981328995545,0.1535137740039213,-0.11208799558735465,0.26082821554166963,1
1.6301241654139333,1.1365055869829153,-0.9786145789953785,-0.14158667100730188,0
-0.3865146391202436,-1.2238106171595322,0.7384467452287166,1.265365869005441,1
-0.7594639432628552,-1.5639849035457964,1.0212871994839645,0.6474282455437657,1
1.2765323095319745,-0.8248764658564013,0.16444970998861064,0.8860823877005302,0
1.58187051185023,0.9988005178182053,-0.8542642962074789,0.22977761151468423,0
-0.5166910292490968,-0.3321436086151898,-0.3692797642449654,0.7838013684613746,1
0.17365464183689847,0.8834019592362009,-0.01774487811244475,-0.5878773087204094,0
-0.6749238221534231,1.2136717443744691,0.08884436947177363,-1.8438377530325578,0
-0.05373938839060349,-0.5165642244174898,-0.060385184418558495,0.9859292655777522,1
-0.668030443072894,-0.6652412229439696,0.6148796987533011,0.8282421040808917,1
-0.29108157939269635,-1.1077107035668754,0.17274280035608822,1.0127142369666102,1
-0.3374666723325404,0.176880870212492,-0.7354197039690992,-0.7656120019757086,1
-0.5188605191120045,0.1662579077340715,-0.5812603685825443,-0.19332983071261947,1
-1.6378623953365616,0.4621784035701361,-0.42573267328535563,-1.8870590638692109,1
